Insert into AWSACCOUNT.ACCOUNT (ACCOUNT_ID,ACCOUNT_NAME,PASSWORD_LOCATION,ACCOUNT_OWNER_NET_ID,FINANCIAL_ACCOUNT_NUMBER,CREATE_USER,CREATE_DATETIME,LAST_UPDATE_USER,LAST_UPDATE_DATETIME) values ('455327104748','aws-admin-101@serviceforge.net','Steve Wheat''s Head','swheat','0000001536','gwang28@emory.edu',to_timestamp('27-APR-17 11.24.23.708000000 AM','DD-MON-RR HH.MI.SS.FF AM'),'gwang28@emory.edu',to_timestamp('27-APR-17 11.24.23.708000000 AM','DD-MON-RR HH.MI.SS.FF AM'));
Insert into AWSACCOUNT.ACCOUNT (ACCOUNT_ID,ACCOUNT_NAME,PASSWORD_LOCATION,ACCOUNT_OWNER_NET_ID,FINANCIAL_ACCOUNT_NUMBER,CREATE_USER,CREATE_DATETIME,LAST_UPDATE_USER,LAST_UPDATE_DATETIME) values ('707385489748','aws-admin-102@serviceforge.net','Steve Wheat''s Head','swheat','0000001536','gwang28@emory.edu',to_timestamp('27-APR-17 11.28.53.767000000 AM','DD-MON-RR HH.MI.SS.FF AM'),'gwang28@emory.edu',to_timestamp('27-APR-17 11.28.53.767000000 AM','DD-MON-RR HH.MI.SS.FF AM'));
Insert into AWSACCOUNT.ACCOUNT (ACCOUNT_ID,ACCOUNT_NAME,PASSWORD_LOCATION,ACCOUNT_OWNER_NET_ID,FINANCIAL_ACCOUNT_NUMBER,CREATE_USER,CREATE_DATETIME,LAST_UPDATE_USER,LAST_UPDATE_DATETIME) values ('125747889375','aws-admin-103@serviceforge.net','Steve Wheat''s head','swheat','0000001536','gwang28@emory.edu',to_timestamp('27-APR-17 11.31.28.112000000 AM','DD-MON-RR HH.MI.SS.FF AM'),'gwang28@emory.edu',to_timestamp('27-APR-17 11.31.28.112000000 AM','DD-MON-RR HH.MI.SS.FF AM'));

Insert into AWSACCOUNT.ACCOUNT_CSTMR_DMN_NT_D (ACCOUNT_ID,CUSTOMER_ADMIN_NET_ID) values ('455327104748','swheat');
Insert into AWSACCOUNT.ACCOUNT_CSTMR_DMN_NT_D (ACCOUNT_ID,CUSTOMER_ADMIN_NET_ID) values ('455327104748','jtjacks');
Insert into AWSACCOUNT.ACCOUNT_CSTMR_DMN_NT_D (ACCOUNT_ID,CUSTOMER_ADMIN_NET_ID) values ('455327104748','gwang28');
Insert into AWSACCOUNT.ACCOUNT_CSTMR_DMN_NT_D (ACCOUNT_ID,CUSTOMER_ADMIN_NET_ID) values ('707385489748','swheat');
Insert into AWSACCOUNT.ACCOUNT_CSTMR_DMN_NT_D (ACCOUNT_ID,CUSTOMER_ADMIN_NET_ID) values ('707385489748','jtjacks');
Insert into AWSACCOUNT.ACCOUNT_CSTMR_DMN_NT_D (ACCOUNT_ID,CUSTOMER_ADMIN_NET_ID) values ('707385489748','gwang28');
Insert into AWSACCOUNT.ACCOUNT_CSTMR_DMN_NT_D (ACCOUNT_ID,CUSTOMER_ADMIN_NET_ID) values ('125747889375','swheat');
Insert into AWSACCOUNT.ACCOUNT_CSTMR_DMN_NT_D (ACCOUNT_ID,CUSTOMER_ADMIN_NET_ID) values ('125747889375','jtjacks');
Insert into AWSACCOUNT.ACCOUNT_CSTMR_DMN_NT_D (ACCOUNT_ID,CUSTOMER_ADMIN_NET_ID) values ('125747889375','gwang28');

Insert into AWSACCOUNT.ACCOUNT_EMAIL_ADDRESS (ACCOUNT_ID,TYPE_,EMAIL) values ('455327104748','primary','aws-admin-1@emory.edu');
Insert into AWSACCOUNT.ACCOUNT_EMAIL_ADDRESS (ACCOUNT_ID,TYPE_,EMAIL) values ('455327104748','billing','aws-billing-1@emory.edu');
Insert into AWSACCOUNT.ACCOUNT_EMAIL_ADDRESS (ACCOUNT_ID,TYPE_,EMAIL) values ('455327104748','operations','aws-admin-1@emory.edu');
Insert into AWSACCOUNT.ACCOUNT_EMAIL_ADDRESS (ACCOUNT_ID,TYPE_,EMAIL) values ('455327104748','billing','aws-security@emory.edu');
Insert into AWSACCOUNT.ACCOUNT_EMAIL_ADDRESS (ACCOUNT_ID,TYPE_,EMAIL) values ('707385489748','primary','aws-admin-2@emory.edu');
Insert into AWSACCOUNT.ACCOUNT_EMAIL_ADDRESS (ACCOUNT_ID,TYPE_,EMAIL) values ('707385489748','billing','aws-billing-2@emory.edu');
Insert into AWSACCOUNT.ACCOUNT_EMAIL_ADDRESS (ACCOUNT_ID,TYPE_,EMAIL) values ('707385489748','operations','aws-admin-2@emory.edu');
Insert into AWSACCOUNT.ACCOUNT_EMAIL_ADDRESS (ACCOUNT_ID,TYPE_,EMAIL) values ('707385489748','security','aws-security@emory.edu');
Insert into AWSACCOUNT.ACCOUNT_EMAIL_ADDRESS (ACCOUNT_ID,TYPE_,EMAIL) values ('125747889375','primary','aws-admin-3@emory.edu');
Insert into AWSACCOUNT.ACCOUNT_EMAIL_ADDRESS (ACCOUNT_ID,TYPE_,EMAIL) values ('125747889375','billing','aws-billing-3@emory.edu');
Insert into AWSACCOUNT.ACCOUNT_EMAIL_ADDRESS (ACCOUNT_ID,TYPE_,EMAIL) values ('125747889375','operations','aws-admin-3@emory.edu');
Insert into AWSACCOUNT.ACCOUNT_EMAIL_ADDRESS (ACCOUNT_ID,TYPE_,EMAIL) values ('125747889375','billing','aws-security@emory.edu');


