/*
Insert into ACCOUNT (ACCOUNT_ID,ACCOUNT_NAME,PASSWORD_LOCATION,ACCOUNT_OWNER_NET_ID,FINANCIAL_ACCOUNT_NUMBER,CREATE_USER,CREATE_DATETIME,LAST_UPDATE_USER,LAST_UPDATE_DATETIME) values ('357163498835','Emory AWS 1','Steve Wheat''s Head','swheat','0000001536','gwang28@emory.edu',to_timestamp('26-JUL-16 12.34.48.211000000 PM','DD-MON-RR HH.MI.SS.FF AM'),'gwang28@emory.edu',to_timestamp('26-JUL-16 12.34.48.211000000 PM','DD-MON-RR HH.MI.SS.FF AM'));
Insert into ACCOUNT (ACCOUNT_ID,ACCOUNT_NAME,PASSWORD_LOCATION,ACCOUNT_OWNER_NET_ID,FINANCIAL_ACCOUNT_NUMBER,CREATE_USER,CREATE_DATETIME,LAST_UPDATE_USER,LAST_UPDATE_DATETIME) values ('854964297572','Emory AWS 2','Steve Wheat''s Head','swheat','0000001536','gwang28@emory.edu',to_timestamp('26-JUL-16 12.34.48.211000000 PM','DD-MON-RR HH.MI.SS.FF AM'),'gwang28@emory.edu',to_timestamp('26-JUL-16 12.34.48.211000000 PM','DD-MON-RR HH.MI.SS.FF AM'));
Insert into ACCOUNT (ACCOUNT_ID,ACCOUNT_NAME,PASSWORD_LOCATION,ACCOUNT_OWNER_NET_ID,FINANCIAL_ACCOUNT_NUMBER,CREATE_USER,CREATE_DATETIME,LAST_UPDATE_USER,LAST_UPDATE_DATETIME) values ('308833937534','Emory AWS 3','Steve Wheat''s Head','swheat','0000001536','gwang28@emory.edu',to_timestamp('26-JUL-16 12.34.48.211000000 PM','DD-MON-RR HH.MI.SS.FF AM'),'gwang28@emory.edu',to_timestamp('26-JUL-16 12.34.48.211000000 PM','DD-MON-RR HH.MI.SS.FF AM'));
Insert into ACCOUNT (ACCOUNT_ID,ACCOUNT_NAME,PASSWORD_LOCATION,ACCOUNT_OWNER_NET_ID,FINANCIAL_ACCOUNT_NUMBER,CREATE_USER,CREATE_DATETIME,LAST_UPDATE_USER,LAST_UPDATE_DATETIME) values ('158058157672','Emory AWS 4','Steve Wheat''s Head','swheat','0000001536','gwang28@emory.edu',to_timestamp('26-JUL-16 12.34.48.211000000 PM','DD-MON-RR HH.MI.SS.FF AM'),'gwang28@emory.edu',to_timestamp('26-JUL-16 12.34.48.211000000 PM','DD-MON-RR HH.MI.SS.FF AM'));
Insert into ACCOUNT (ACCOUNT_ID,ACCOUNT_NAME,PASSWORD_LOCATION,ACCOUNT_OWNER_NET_ID,FINANCIAL_ACCOUNT_NUMBER,CREATE_USER,CREATE_DATETIME,LAST_UPDATE_USER,LAST_UPDATE_DATETIME) values ('073387691482','Emory AWS 5','Steve Wheat''s Head','swheat','0000001536','gwang28@emory.edu',to_timestamp('26-JUL-16 12.34.48.211000000 PM','DD-MON-RR HH.MI.SS.FF AM'),'gwang28@emory.edu',to_timestamp('26-JUL-16 12.34.48.211000000 PM','DD-MON-RR HH.MI.SS.FF AM'));
Insert into ACCOUNT (ACCOUNT_ID,ACCOUNT_NAME,PASSWORD_LOCATION,ACCOUNT_OWNER_NET_ID,FINANCIAL_ACCOUNT_NUMBER,CREATE_USER,CREATE_DATETIME,LAST_UPDATE_USER,LAST_UPDATE_DATETIME) values ('315249003173','Emory AWS 6','Steve Wheat''s Head','swheat','0000001536','gwang28@emory.edu',to_timestamp('26-JUL-16 12.34.48.211000000 PM','DD-MON-RR HH.MI.SS.FF AM'),'gwang28@emory.edu',to_timestamp('26-JUL-16 12.34.48.211000000 PM','DD-MON-RR HH.MI.SS.FF AM'));
Insert into ACCOUNT (ACCOUNT_ID,ACCOUNT_NAME,PASSWORD_LOCATION,ACCOUNT_OWNER_NET_ID,FINANCIAL_ACCOUNT_NUMBER,CREATE_USER,CREATE_DATETIME,LAST_UPDATE_USER,LAST_UPDATE_DATETIME) values ('698677649721','Emory AWS 7','Steve Wheat''s Head','swheat','0000001536','gwang28@emory.edu',to_timestamp('26-JUL-16 12.34.48.211000000 PM','DD-MON-RR HH.MI.SS.FF AM'),'gwang28@emory.edu',to_timestamp('26-JUL-16 12.34.48.211000000 PM','DD-MON-RR HH.MI.SS.FF AM'));





Insert into ACCOUNT_EMAIL_ADDRESS (ACCOUNT_ID,TYPE_,EMAIL) values ('357163498835','primary','aws-admin-1@emory.edu');
Insert into ACCOUNT_EMAIL_ADDRESS (ACCOUNT_ID,TYPE_,EMAIL) values ('357163498835','billing','aws-billing-1@emory.edu');
Insert into ACCOUNT_EMAIL_ADDRESS (ACCOUNT_ID,TYPE_,EMAIL) values ('357163498835','operations','aws-admin-1@emory.edu');
Insert into ACCOUNT_EMAIL_ADDRESS (ACCOUNT_ID,TYPE_,EMAIL) values ('357163498835','billing','aws-security@emory.edu');
Insert into ACCOUNT_EMAIL_ADDRESS (ACCOUNT_ID,TYPE_,EMAIL) values ('854964297572','primary','aws-admin-2@emory.edu');
Insert into ACCOUNT_EMAIL_ADDRESS (ACCOUNT_ID,TYPE_,EMAIL) values ('854964297572','billing','aws-billing-2@emory.edu');
Insert into ACCOUNT_EMAIL_ADDRESS (ACCOUNT_ID,TYPE_,EMAIL) values ('854964297572','operations','aws-admin-2@emory.edu');
Insert into ACCOUNT_EMAIL_ADDRESS (ACCOUNT_ID,TYPE_,EMAIL) values ('854964297572','billing','aws-security@emory.edu');
Insert into ACCOUNT_EMAIL_ADDRESS (ACCOUNT_ID,TYPE_,EMAIL) values ('308833937534','primary','aws-admin-3@emory.edu');
Insert into ACCOUNT_EMAIL_ADDRESS (ACCOUNT_ID,TYPE_,EMAIL) values ('308833937534','billing','aws-billing-3@emory.edu');
Insert into ACCOUNT_EMAIL_ADDRESS (ACCOUNT_ID,TYPE_,EMAIL) values ('308833937534','operations','aws-admin-3@emory.edu');
Insert into ACCOUNT_EMAIL_ADDRESS (ACCOUNT_ID,TYPE_,EMAIL) values ('308833937534','billing','aws-security@emory.edu');
Insert into ACCOUNT_EMAIL_ADDRESS (ACCOUNT_ID,TYPE_,EMAIL) values ('158058157672','primary','aws-admin-4@emory.edu');
Insert into ACCOUNT_EMAIL_ADDRESS (ACCOUNT_ID,TYPE_,EMAIL) values ('158058157672','billing','aws-billing-4@emory.edu');
Insert into ACCOUNT_EMAIL_ADDRESS (ACCOUNT_ID,TYPE_,EMAIL) values ('158058157672','operations','aws-admin-4@emory.edu');
Insert into ACCOUNT_EMAIL_ADDRESS (ACCOUNT_ID,TYPE_,EMAIL) values ('158058157672','billing','aws-security@emory.edu');
Insert into ACCOUNT_EMAIL_ADDRESS (ACCOUNT_ID,TYPE_,EMAIL) values ('073387691482','primary','aws-admin-5@emory.edu');
Insert into ACCOUNT_EMAIL_ADDRESS (ACCOUNT_ID,TYPE_,EMAIL) values ('073387691482','billing','aws-billing-5@emory.edu');
Insert into ACCOUNT_EMAIL_ADDRESS (ACCOUNT_ID,TYPE_,EMAIL) values ('073387691482','operations','aws-admin-5@emory.edu');
Insert into ACCOUNT_EMAIL_ADDRESS (ACCOUNT_ID,TYPE_,EMAIL) values ('073387691482','billing','aws-security@emory.edu');
Insert into ACCOUNT_EMAIL_ADDRESS (ACCOUNT_ID,TYPE_,EMAIL) values ('315249003173','primary','aws-admin-6@emory.edu');
Insert into ACCOUNT_EMAIL_ADDRESS (ACCOUNT_ID,TYPE_,EMAIL) values ('315249003173','billing','aws-billing-6@emory.edu');
Insert into ACCOUNT_EMAIL_ADDRESS (ACCOUNT_ID,TYPE_,EMAIL) values ('315249003173','operations','aws-admin-6@emory.edu');
Insert into ACCOUNT_EMAIL_ADDRESS (ACCOUNT_ID,TYPE_,EMAIL) values ('315249003173','billing','aws-security@emory.edu');
Insert into ACCOUNT_EMAIL_ADDRESS (ACCOUNT_ID,TYPE_,EMAIL) values ('698677649721','primary','aws-admin-7@emory.edu');
Insert into ACCOUNT_EMAIL_ADDRESS (ACCOUNT_ID,TYPE_,EMAIL) values ('698677649721','billing','aws-billing-7@emory.edu');
Insert into ACCOUNT_EMAIL_ADDRESS (ACCOUNT_ID,TYPE_,EMAIL) values ('698677649721','operations','aws-admin-7@emory.edu');
Insert into ACCOUNT_EMAIL_ADDRESS (ACCOUNT_ID,TYPE_,EMAIL) values ('698677649721','billing','aws-security@emory.edu');


Insert into VIRTUAL_PRIVATE_CLOUD (VPC_ID,ACCOUNT_ID,TYPE_,CREATE_USER,CREATE_DATETIME,LAST_UPDATE_USER,LAST_UPDATE_DATETIME) values ('vpc-233de844','357163498835','1','swheat@emory.edu',to_timestamp('01-JUL-16 02.52.37.794000000 PM','DD-MON-RR HH.MI.SS.FF AM'),'swheat@emory.edu',to_timestamp('01-JUL-16 02.52.37.794000000 PM','DD-MON-RR HH.MI.SS.FF AM'));
Insert into VIRTUAL_PRIVATE_CLOUD (VPC_ID,ACCOUNT_ID,TYPE_,CREATE_USER,CREATE_DATETIME,LAST_UPDATE_USER,LAST_UPDATE_DATETIME) values ('vpc-db52cebc','854964297572','1','swheat@emory.edu',to_timestamp('01-JUL-16 02.52.37.794000000 PM','DD-MON-RR HH.MI.SS.FF AM'),'swheat@emory.edu',to_timestamp('01-JUL-16 02.52.37.794000000 PM','DD-MON-RR HH.MI.SS.FF AM'));
Insert into VIRTUAL_PRIVATE_CLOUD (VPC_ID,ACCOUNT_ID,TYPE_,CREATE_USER,CREATE_DATETIME,LAST_UPDATE_USER,LAST_UPDATE_DATETIME) values ('vpc-d328b7b4','308833937534','1','swheat@emory.edu',to_timestamp('01-JUL-16 02.52.37.794000000 PM','DD-MON-RR HH.MI.SS.FF AM'),'swheat@emory.edu',to_timestamp('01-JUL-16 02.52.37.794000000 PM','DD-MON-RR HH.MI.SS.FF AM'));
Insert into VIRTUAL_PRIVATE_CLOUD (VPC_ID,ACCOUNT_ID,TYPE_,CREATE_USER,CREATE_DATETIME,LAST_UPDATE_USER,LAST_UPDATE_DATETIME) values ('vpc-dcde40bb','158058157672','1','swheat@emory.edu',to_timestamp('01-JUL-16 02.52.37.794000000 PM','DD-MON-RR HH.MI.SS.FF AM'),'swheat@emory.edu',to_timestamp('01-JUL-16 02.52.37.794000000 PM','DD-MON-RR HH.MI.SS.FF AM'));
Insert into VIRTUAL_PRIVATE_CLOUD (VPC_ID,ACCOUNT_ID,TYPE_,CREATE_USER,CREATE_DATETIME,LAST_UPDATE_USER,LAST_UPDATE_DATETIME) values ('vpc-80dd43e7','073387691482','1','swheat@emory.edu',to_timestamp('01-JUL-16 02.52.37.794000000 PM','DD-MON-RR HH.MI.SS.FF AM'),'swheat@emory.edu',to_timestamp('01-JUL-16 02.52.37.794000000 PM','DD-MON-RR HH.MI.SS.FF AM'));
Insert into VIRTUAL_PRIVATE_CLOUD (VPC_ID,ACCOUNT_ID,TYPE_,CREATE_USER,CREATE_DATETIME,LAST_UPDATE_USER,LAST_UPDATE_DATETIME) values ('vpc-00d44a67','315249003173','1','swheat@emory.edu',to_timestamp('01-JUL-16 02.52.37.794000000 PM','DD-MON-RR HH.MI.SS.FF AM'),'swheat@emory.edu',to_timestamp('01-JUL-16 02.52.37.794000000 PM','DD-MON-RR HH.MI.SS.FF AM'));
Insert into VIRTUAL_PRIVATE_CLOUD (VPC_ID,ACCOUNT_ID,TYPE_,CREATE_USER,CREATE_DATETIME,LAST_UPDATE_USER,LAST_UPDATE_DATETIME) values ('vpc-82d54be5','698677649721','1','swheat@emory.edu',to_timestamp('01-JUL-16 02.52.37.794000000 PM','DD-MON-RR HH.MI.SS.FF AM'),'swheat@emory.edu',to_timestamp('01-JUL-16 02.52.37.794000000 PM','DD-MON-RR HH.MI.SS.FF AM'));
*/
Insert into AWSACCOUNT.ACCOUNT (ACCOUNT_ID,ACCOUNT_NAME,PASSWORD_LOCATION,ACCOUNT_OWNER_NET_ID,FINANCIAL_ACCOUNT_NUMBER,CREATE_USER,CREATE_DATETIME,LAST_UPDATE_USER,LAST_UPDATE_DATETIME) values ('455327104748','aws-admin-101@serviceforge.net','Steve Wheat''s Head','swheat','0000001536','gwang28@emory.edu',to_timestamp('27-APR-17 11.24.23.708000000 AM','DD-MON-RR HH.MI.SS.FF AM'),'gwang28@emory.edu',to_timestamp('27-APR-17 11.24.23.708000000 AM','DD-MON-RR HH.MI.SS.FF AM'));
Insert into AWSACCOUNT.ACCOUNT (ACCOUNT_ID,ACCOUNT_NAME,PASSWORD_LOCATION,ACCOUNT_OWNER_NET_ID,FINANCIAL_ACCOUNT_NUMBER,CREATE_USER,CREATE_DATETIME,LAST_UPDATE_USER,LAST_UPDATE_DATETIME) values ('707385489748','aws-admin-102@serviceforge.net','Steve Wheat''s Head','swheat','0000001536','gwang28@emory.edu',to_timestamp('27-APR-17 11.28.53.767000000 AM','DD-MON-RR HH.MI.SS.FF AM'),'gwang28@emory.edu',to_timestamp('27-APR-17 11.28.53.767000000 AM','DD-MON-RR HH.MI.SS.FF AM'));
Insert into AWSACCOUNT.ACCOUNT (ACCOUNT_ID,ACCOUNT_NAME,PASSWORD_LOCATION,ACCOUNT_OWNER_NET_ID,FINANCIAL_ACCOUNT_NUMBER,CREATE_USER,CREATE_DATETIME,LAST_UPDATE_USER,LAST_UPDATE_DATETIME) values ('125747889375','aws-admin-103@serviceforge.net','Steve Wheat''s head','swheat','0000001536','gwang28@emory.edu',to_timestamp('27-APR-17 11.31.28.112000000 AM','DD-MON-RR HH.MI.SS.FF AM'),'gwang28@emory.edu',to_timestamp('27-APR-17 11.31.28.112000000 AM','DD-MON-RR HH.MI.SS.FF AM'));

Insert into AWSACCOUNT.ACCOUNT_CSTMR_DMN_NT_D (ACCOUNT_ID,CUSTOMER_ADMIN_NET_ID) values ('455327104748','swheat');
Insert into AWSACCOUNT.ACCOUNT_CSTMR_DMN_NT_D (ACCOUNT_ID,CUSTOMER_ADMIN_NET_ID) values ('455327104748','jtjacks');
Insert into AWSACCOUNT.ACCOUNT_CSTMR_DMN_NT_D (ACCOUNT_ID,CUSTOMER_ADMIN_NET_ID) values ('455327104748','gwang28');
Insert into AWSACCOUNT.ACCOUNT_CSTMR_DMN_NT_D (ACCOUNT_ID,CUSTOMER_ADMIN_NET_ID) values ('707385489748','swheat');
Insert into AWSACCOUNT.ACCOUNT_CSTMR_DMN_NT_D (ACCOUNT_ID,CUSTOMER_ADMIN_NET_ID) values ('707385489748','jtjacks');
Insert into AWSACCOUNT.ACCOUNT_CSTMR_DMN_NT_D (ACCOUNT_ID,CUSTOMER_ADMIN_NET_ID) values ('707385489748','gwang28');
Insert into AWSACCOUNT.ACCOUNT_CSTMR_DMN_NT_D (ACCOUNT_ID,CUSTOMER_ADMIN_NET_ID) values ('125747889375','swheat');
Insert into AWSACCOUNT.ACCOUNT_CSTMR_DMN_NT_D (ACCOUNT_ID,CUSTOMER_ADMIN_NET_ID) values ('125747889375','jtjacks');
Insert into AWSACCOUNT.ACCOUNT_CSTMR_DMN_NT_D (ACCOUNT_ID,CUSTOMER_ADMIN_NET_ID) values ('125747889375','gwang28');

Insert into AWSACCOUNT.ACCOUNT_EMAIL_ADDRESS (ACCOUNT_ID,TYPE_,EMAIL) values ('455327104748','primary','aws-admin-1@emory.edu');
Insert into AWSACCOUNT.ACCOUNT_EMAIL_ADDRESS (ACCOUNT_ID,TYPE_,EMAIL) values ('455327104748','billing','aws-billing-1@emory.edu');
Insert into AWSACCOUNT.ACCOUNT_EMAIL_ADDRESS (ACCOUNT_ID,TYPE_,EMAIL) values ('455327104748','operations','aws-admin-1@emory.edu');
Insert into AWSACCOUNT.ACCOUNT_EMAIL_ADDRESS (ACCOUNT_ID,TYPE_,EMAIL) values ('455327104748','billing','aws-security@emory.edu');
Insert into AWSACCOUNT.ACCOUNT_EMAIL_ADDRESS (ACCOUNT_ID,TYPE_,EMAIL) values ('707385489748','primary','aws-admin-2@emory.edu');
Insert into AWSACCOUNT.ACCOUNT_EMAIL_ADDRESS (ACCOUNT_ID,TYPE_,EMAIL) values ('707385489748','billing','aws-billing-2@emory.edu');
Insert into AWSACCOUNT.ACCOUNT_EMAIL_ADDRESS (ACCOUNT_ID,TYPE_,EMAIL) values ('707385489748','operations','aws-admin-2@emory.edu');
Insert into AWSACCOUNT.ACCOUNT_EMAIL_ADDRESS (ACCOUNT_ID,TYPE_,EMAIL) values ('707385489748','security','aws-security@emory.edu');
Insert into AWSACCOUNT.ACCOUNT_EMAIL_ADDRESS (ACCOUNT_ID,TYPE_,EMAIL) values ('125747889375','primary','aws-admin-3@emory.edu');
Insert into AWSACCOUNT.ACCOUNT_EMAIL_ADDRESS (ACCOUNT_ID,TYPE_,EMAIL) values ('125747889375','billing','aws-billing-3@emory.edu');
Insert into AWSACCOUNT.ACCOUNT_EMAIL_ADDRESS (ACCOUNT_ID,TYPE_,EMAIL) values ('125747889375','operations','aws-admin-3@emory.edu');
Insert into AWSACCOUNT.ACCOUNT_EMAIL_ADDRESS (ACCOUNT_ID,TYPE_,EMAIL) values ('125747889375','billing','aws-security@emory.edu');


